file_name_id,file_name,percent_fit,is_opportunity_application_emailed,opportunity_application_email_date,is_remote_delivery,manager_notes
0,(Lead_Data_Scientist)_Lead_Product_Analyst_-_California_-_Indeed.com_41474394e8c4b721.html,,,,,
1,AI_Data_Scientist_37b6afdb11e31188.html,,,,,
2,AI_ML_Engineer_-_Virginia_-_Indeed.com_edbbf93fc5210a17.html,,,,,
3,AI_Solutions_Engineer_-_United_States_-_Remote_-_Indeed.com_4ef63c252489666f.html,,,,,
4,"AVP,_Data_Science_-_Fort_Mill,_SC_29715_-_Indeed.com_bba3b2578c9adb92.html",,,,,
5,"A_AI_Machine_Learning_Engineer_Asc_-_Shelton,_CT_06484_-_Indeed.com_aeb15e43a6800b9d.html",,,,,
6,Applied_Data_Scientist_9138b0b8601b00b9.html,,,,,
7,Applied_Scientist_(Remote)_-_Remote_-_Indeed.com_0e94073a1c937bd1.html,,,,,
8,Arity-Senior_Data_Scientist_-_(Remote-Home_Based_Worker)_e5e27807a8736ae9.html,,,,,
9,"Artificial_Intelligence_Architect_-_New_York,_NY_-_Indeed.com_938897f7dc30bcce.html",,,,,
10,"Artificial_Intelligence_Engineer,_PhD_-_Burlington,_VT_05401_-_Indeed.com_11f154d53a390364.html",,,,,
11,Artificial_Intelligence_Specialist_-_Remote_-_Indeed.com_a751f95c5818f9c7.html,,,,,
12,"Assistant_Director,_Data_Science_(STP)_-_Remote_-_Indeed.com_f33a9750898d12d4.html",,,,,
13,"Associate_Director_Machine_Learning_Data_Scientist_-_Eden_Prairie,_MN_55346_-_Indeed.com_d3d3520998346837.html",,,,,
14,"Backend_Distributed_ML_Engineer_-_New_York,_NY_10065_-_Indeed.com_bfb11e13c321848d.html",,,,,
15,"Bi_Developer_Data_Scientist_-_Mechanicsville,_VA_23116_-_Indeed.com_b7517e6a7ffda077.html",,,,,
16,"Big_Data_Engineer_-_New_York,_NY_10001_-_Indeed.com_2df6a1e69a70a1e7.html",,,,,
17,"Business_Intelligence_Analyst_Data_Scientist_-_New_York,_NY_10004_-_Indeed.com_049a66f3ffa9366a.html",,,,,
18,"COVID_Senior_Data_Analyst_-_Lab_Data_-_Long_Island_City,_NY_11101_-_Indeed.com_c6b5143eab3dbe34.html",,,,,
19,Carbon_Credit_Statistician_-_Massachusetts_-_Indeed.com_27b70883756a2db2.html,,,,,
20,Central_Data_Scientist_-_Remote_-_Indeed.com_59237124d676ae4d.html,,,,,
21,"Chief_Data_Scientist_-_Washington,_DC_20003_-_Indeed.com_1926fbf6be4f62ee.html",,,,,
22,Clinical_Data_Science_Product_Manager_-_Remote_-_Indeed.com_fb363ca70bb73aee.html,,,,,
23,"Clinical_Data_Scientist_(Manager)_-_Groton,_CT_06340_-_Indeed.com_5e118f74384e090a.html",,,,,
24,Clinical_Statistical_Programmer_II_-_Remote_-_Indeed.com_951ab475814d0147.html,,,,,
25,"Cloud_AI-ML_Support_Engineer_(REMOTE)_-_Falls_Church,_VA_22042_-_Indeed.com_a0b5b14d9b80320b.html",,,,,
26,"Cloud_Data_Architect_(Technical_&_Presales)_REMOTE_-_Washington,_DC_-_Indeed.com_69247daab4a84a92.html",,,,,
27,"Cloud_Production_Data_Scientist_-_Danvers,_MA_01923_-_Indeed.com_30389e15a5e8b093.html",,,,,
28,"Cogito_Business_Intelligence_Developer,_Enterprise_Data_&_Digital_Health_-_Somerville,_MA_02145_-_Indeed.com_d21c98bda2722f98.html",,,,,
29,"Computational_Chemistry,_Machine_Learning_Scientist_(REMOTE)_2150cd7e95065d80.html",,,,,
30,"Consultant,_Statistical_Programming_-_California_-_Indeed.com_057d6842d938c6cd.html",,,,,
31,"Consultant,_Strategy_&_Analytics,_Analytics_&_Cognitive_-_Parsippany,_NJ_07054_-_Indeed.com_9e215d88a6b33622.html",,,,,
32,Credit_Risk_Data_Science_60b170cff66e1189.html,,,,,
33,Cutting_Edge_Data_Scientists_-_Massachusetts_-_Indeed.com_363925de4600860a.html,,,,,
34,"DATA_Analyst_-_Clinical_Statistician_@_Minneapolis,_MN_-_Minneapolis,_MN_-_Indeed.com_9ace5aa4e4fa6ce2.html",,,,,
35,"DATA_SCIENTIST,_CUSTOMER_ENABLEMENT_-_United_States_-_Indeed.com_cd22d01053af7669.html",,,,,
36,DATA_SCIENTIST_-_United_States_-_Indeed.com_275c5f5b90f6a797.html,,,,,
37,"Data_&_Database_Security_Architect_-_Cambridge,_MA_02142_-_Indeed.com_330c5c429679d5a0.html",,,,,
38,"Data_Analyst,_Data_Science_&_Analytics_-_Palo_Alto,_CA_-_Indeed.com_0fdc5c465a8b2a6c.html",,,,,
39,"Data_Analyst_(AI_ML_Team)_-_Washington,_DC_-_Indeed.com_c244fde40f782fe5.html",,,,,
40,"Data_Analyst_-_Austin,_TX_-_Indeed.com_fdc1a069c9c10402.html",,,,,
41,"Data_Analyst_Data_Scientist_-_Portland,_OR_97202_-_Indeed.com_d9a2e6caf751bd78.html",,,,,
42,"Data_Analyst_II_-_New_York,_NY_-_Indeed.com_1810e5ba987b8f8b.html",,,,,
43,"Data_Analyst_Scientist_-_Quantico,_VA_22134_-_Indeed.com_3dcf54f984042a46.html",,,,,
44,Data_Analyst_Senior_Data_Analyst_c0c9b22b34c58a63.html,,,,,
45,Data_Analytics_Instructor_59197f474527285d.html,,,,,
46,Data_Architect_-_Must_be_US_Citizen_and_7_years_of_experience_-_Remote_-_Indeed.com_e479ab56099cbb1d.html,,,,,
47,"Data_Engineer_-_Chicago,_IL_60606_-_Indeed.com_11aab4c86aeaacc1.html",,,,,
48,"Data_Engineer_-_Dallas,_TX_75201_-_Indeed.com_81afca2b6beac17a.html",,,,,
49,Data_Engineer_-_Remote_-_Indeed.com_0f292b92f8ca4277.html,,,,,
50,Data_Engineer_III_-_Colorado_-_Indeed.com_782fa3184228e826.html,,,,,
51,Data_Engineer_II_-_New_York_State_-_Indeed.com_051e0bdf026c3e60.html,,,,,
52,"Data_Product_Manager_-_Washington,_DC_-_Indeed.com_0bab2ad992066925.html",,,,,
53,"Data_Review_Associate_Scientist_-_Lancaster,_PA_-_Indeed.com_da33f48dbeb2e889.html",,,,,
54,Data_Science_Analyst_-_Remote_-_Indeed.com_b61dc3f2ff3492d4.html,,,,,
55,"Data_Science_Consultant_-_Herndon,_VA_20170_-_Indeed.com_73f1a68b8bdec7ca.html",,,,,
56,Data_Science_Consulting_Engagement_Manager_-_Remote_-_Indeed.com_9993304a3df214bf.html,,,,,
57,"Data_Science_Engineer_(TS_SCI_Clearance._Remote_during_COVID)_-_Washington,_DC_20230_-_Indeed.com_e056cee1a0d62e17.html",,,,,
58,"Data_Science_Engineer_-_Cincinnati,_OH_-_Indeed.com_f1678279740a4c2b.html",,,,,
59,Data_Science_Evangelist_-_United_States_-_Indeed.com_51b16288e36313e8.html,,,,,
60,Data_Science_Intern_with_python_AWS_-_Virginia_-_Indeed.com_ad0bd4b3ab1d278e.html,,,,,
61,"Data_Science_Manager,_Machine_Learning_-_Remote_-_Indeed.com_85021dfa4578f124.html",,,,,
62,"Data_Science_Manager_-_New_York,_NY_10119_-_Indeed.com_0178b390b3954a57.html",,,,,
63,"Data_Science_Manager_-_Wilmington,_DE_19808_-_Indeed.com_3ba7953f57d97a45.html",,,,,
64,"Data_Science_Marketing_Specialist_-_Madison,_WI_53705_-_Indeed.com_ea76c75716af82e7.html",,,,,
65,Data_Science_Product_Director_-_Remote_-_Indeed.com_2b2d6f212948082d.html,,,,,
66,"Data_Scientist,_AI_NLP_89fde06adebe0768.html",,,,,
67,"Data_Scientist,_Analytics-Remote_Presence_-_Bellevue,_WA_-_Indeed.com_1639254ea84748b5.html",,,,,
68,"Data_Scientist,_Analytics-Remote_Presence_58a3a4e772908c03.html",,,,,
69,"Data_Scientist,_Analytics-Remote_Presence_b0e3b3ae7e9e258f.html",,,,,
70,"Data_Scientist,_Analytics_&_Inference_-_New_York_or_Remote_99833e7b04896bc0.html",,,,,
71,"Data_Scientist,_Analytics_-_B2B_-_Remote_-_Indeed.com_6a35f87840c71c5e.html",,,,,
72,"Data_Scientist,_Commercial_-_Texas_-_Indeed.com_6e0a19936820440f.html",,,,,
73,"Data_Scientist,_LiveRamp_Safe_Haven_-_San_Francisco,_CA_-_Indeed.com_421d3e15a5bff649.html",,,,,
74,"Data_Scientist,_Marketing_Bidding_Models_1559b0785f52cd3a.html",,,,,
75,"Data_Scientist,_Marketing_Capital_Allocation_57205df26d1bd678.html",,,,,
76,"Data_Scientist,_Point_of_Sale_&_Customers_-_Remote_-_Indeed.com_09abad886b83c501.html",,,,,
77,"Data_Scientist,_Product_Analytics_27b9e5848bc08331.html",,,,,
78,"Data_Scientist,_Remote,_US,_ID#19211_-_Falls_Church,_VA_22042_-_Indeed.com_d9c6154857c2126d.html",,,,,
79,Data_Scientist-_Secret_Clearance_-_Remote_-_Indeed.com_5c9cb1f4f9e73e6f.html,,,,,
80,Data_Scientist_(Analytics)_-_New_York_State_-_Indeed.com_cbfe4b98d5d8dd69.html,,,,,
81,"Data_Scientist_(COVID-19)_-_ACESO_-_Bethesda,_MD_20817_-_Indeed.com_b8c2c8157c5dbba4.html",,,,,
82,"Data_Scientist_(Co-op)_-_Quincy,_MA_02169_-_Indeed.com_c9cf363b57be4ab3.html",,,,,
83,"Data_Scientist_(Fraud_Prevention)_-_Sam's_Club_Technology_-_Dallas,_TX_-_Indeed.com_822bc5d9a49270ea.html",,,,,
84,"Data_Scientist_(GC,_USC_or_EAD_only)_-_Remote_-_Indeed.com_c4c16fe074518cf5.html",,,,,
85,Data_Scientist_(PhD_Entry-Level)_-_Remote_-_Indeed.com_3b8f2b652d56dd70.html,,,,,
86,"Data_Scientist_(Remote)_-_Draper,_UT_-_Indeed.com_ca6dcd2772155db0.html",,,,,
87,"Data_Scientist_(Remote)_-_Portland,_ME_-_Indeed.com_137830ff2e8d27b7.html",,,,,
88,Data_Scientist_(Remote)_-_Texas_-_Indeed.com_14573f60c2094076.html,,,,,
89,Data_Scientist_(Remote)_0df6f35f1e120671.html,,,,,
90,Data_Scientist_(Remote)_Data_Scientist_(Remote)_f0186e5ce3a024f7.html.html,,,,,
91,"Data_Scientist_(Remote_Eligible)_-_Richfield,_MN_55423_-_Indeed.com_027d7cca25a5d14f.html",,,,,
92,"Data_Scientist_(Remote_Work_Option)_-_Topeka,_KS_66618_-_Indeed.com_8ffd82d10d56fd60.html",,,,,
93,Data_Scientist_(Services)_63b23e3bd4672ef3.html,,,,,
94,"Data_Scientist_(Virtual_Opportunity)_-_Denver,_CO_-_Indeed.com_d17e4b0f1c894d3d.html",,,,,
95,Data_Scientist_(remote)_-_Remote_-_Indeed.com_00c7b964396bad1f.html,,,,,
96,"Data_Scientist_-_Alexandria,_VA_-_Indeed.com_06b99afa8f63ebda.html",,,,,
97,"Data_Scientist_-_Alexandria,_VA_-_Indeed.com_7e06c904d65d4d15.html",,,,,
98,"Data_Scientist_-_All_Levels_-_Collierville,_TN_-_Indeed.com_2ae04b97d8829e58.html",,,,,
99,"Data_Scientist_-_Analytics_(Up_to_$125k_+_100%_Remote_Option)_-_San_Francisco,_CA_-_Indeed.com_547ddf8bc07ce2c9.html",,,,,
100,"Data_Scientist_-_Arlington,_VA_22201_-_Indeed.com_8765a4045377753a.html",,,,,
101,"Data_Scientist_-_Augusta,_WV_26704_-_Indeed.com_37e886222e0cbb3a.html",,,,,
102,"Data_Scientist_-_B1_-_Reston,_VA_20170_-_Indeed.com_2e2f013ae900ea5a.html",,,,,
103,"Data_Scientist_-_Boston,_MA_-_Indeed.com_64eee9c93d9ef045.html",,,,,
104,"Data_Scientist_-_Boyers,_PA_16020_-_Indeed.com_75f6c7dda2a28dc2.html",,,,,
105,"Data_Scientist_-_Brooklyn,_NY_-_Indeed.com_9d58e8dd6beb709f.html",,,,,
106,Data_Scientist_-_California_-_Indeed.com_8b07fcf2429eed01.html,,,,,
107,Data_Scientist_-_California_-_Indeed.com_ba0b4ef452449c10.html,,,,,
108,"Data_Scientist_-_Charlottesville,_VA_22911_-_Indeed.com_38d0121b18b25ad5.html",,,,,
109,"Data_Scientist_-_Chicago,_IL_60614_-_Indeed.com_09b1715d582ae8f8.html",,,,,
110,Data_Scientist_-_Clinical_&_Population_Health_(Work_from_home)_c89373275f5d8afa.html,,,,,
111,"Data_Scientist_-_Clinical_Analytics_-_Bloomfield,_CT_-_Indeed.com_afbf8c270610a38a.html",,,,,
112,"Data_Scientist_-_Columbia_-_Columbia,_MD_21046_-_Indeed.com_1f183c3325aefe2b.html",,,,,
113,"Data_Scientist_-_Conshohocken,_PA_19429_-_Indeed.com_f4ab9e6f23b8cd4a.html",,,,,
114,"Data_Scientist_-_Denver,_CO_-_Indeed.com_3781128e175fad79.html",,,,,
115,"Data_Scientist_-_Des_Moines,_IA_-_Indeed.com_591be181c58fd89d.html",,,,,
116,"Data_Scientist_-_Egg_Harbor_Township,_NJ_08234_-_Indeed.com_4bb8bc60bbeb4d64.html",,,,,
117,Data_Scientist_-_Enterprise_Technology_and_Innovation_(Remote)_f0d14b0f527d58a3.html,,,,,
118,Data_Scientist_-_Entry_Level_Data_Scientist_-_Entry_Level_3dde0133818987f0.html.html,,,,,
119,Data_Scientist_-_Florida_-_Indeed.com_5c11854828d83cbf.html,,,,,
120,Data_Scientist_-_Illinois_-_Indeed.com_2e5a195d27f5250c.html,,,,,
121,Data_Scientist_-_Inference_and_Analytics_2dd294b8216b8752.html,,,,,
122,"Data_Scientist_-_Johnston,_IA_50131_-_Indeed.com_4e619dc84a0e45f3.html",,,,,
123,"Data_Scientist_-_Los_Angeles,_CA_90025_-_Indeed.com_ae3523a56c5cb332.html",,,,,
124,"Data_Scientist_-_Marketing_Advertising_Optimization_-_Washington,_DC_-_Indeed.com_520d66e09adbdba5.html",,,,,
125,Data_Scientist_-_Maryland_-_Indeed.com_6b7e2e4e1df0b73c.html,,,,,
126,"Data_Scientist_-_Mason,_OH_45040_-_Indeed.com_85aed133115ad1da.html",,,,,
127,Data_Scientist_-_Massachusetts_-_Indeed.com_f51397a6478147a9.html,,,,,
128,Data_Scientist_-_Medicare_Advantage_Generalist_-_Remote_-_Indeed.com_e5719b46cb3432f4.html,,,,,
129,"Data_Scientist_-_Menlo_Park,_CA_-_Indeed.com_aafc62f33ceb431f.html",,,,,
130,Data_Scientist_-_Model_Risk_Management_79d6857e9481b78a.html,,,,,
131,Data_Scientist_-_Nationwide_Opportunities_-_Remote_-_Indeed.com_fe2d21eef233e94a.html,,,,,
132,"Data_Scientist_-_New_York,_NY_-_Indeed.com_1577085fc2290983.html",,,,,
133,"Data_Scientist_-_New_York,_NY_-_Indeed.com_656e645f6fb74979.html",,,,,
134,"Data_Scientist_-_New_York,_NY_-_Indeed.com_c85d08a88c59e378.html",,,,,
135,"Data_Scientist_-_New_York,_NY_10016_-_Indeed.com_945e6b454157cd18.html",,,,,
136,Data_Scientist_-_New_York_State_-_Indeed.com_7c3da355b67ba366.html,,,,,
137,Data_Scientist_-_New_York_State_-_Indeed.com_9dbf661f5293a80e.html,,,,,
138,Data_Scientist_-_New_York_State_-_Indeed.com_ba70b621d4301067.html,,,,,
139,"Data_Scientist_-_Norfolk,_VA_-_Indeed.com_375e9085c1e98a84.html",,,,,
140,Data_Scientist_-_Oregon_-_Indeed.com_7d2bf2fea0e7b1f2.html,,,,,
141,"Data_Scientist_-_Pittsburgh,_PA_-_Indeed.com_78995fa2c9326392.html",,,,,
142,"Data_Scientist_-_Pittsburgh,_PA_15206_-_Indeed.com_6026f2a40e74c586.html",,,,,
143,"Data_Scientist_-_Plano,_TX_-_Indeed.com_4c8feeee8e552116.html",,,,,
144,"Data_Scientist_-_Princeton,_NJ_08540_-_Indeed.com_dab7e4d1e5412971.html",,,,,
145,"Data_Scientist_-_Python_-_Remote_-_Charlotte,_NC_-_Indeed.com_c8fb6badbb0ec599.html",,,,,
146,Data_Scientist_-_Remote_-_Indeed.com_0f9b540b37a1726e.html,,,,,
147,Data_Scientist_-_Remote_-_Indeed.com_11802080879afc60.html,,,,,
148,Data_Scientist_-_Remote_-_Indeed.com_210bcab0885b7dd3.html,,,,,
149,Data_Scientist_-_Remote_-_Indeed.com_42f139d35fc5ecb9.html,,,,,
150,Data_Scientist_-_Remote_-_Indeed.com_66d394411dd2efad.html,,,,,
151,Data_Scientist_-_Remote_-_Indeed.com_825d153aec833ca2.html,,,,,
152,Data_Scientist_-_Remote_-_Indeed.com_87dec812e99a0222.html,,,,,
153,Data_Scientist_-_Remote_-_Indeed.com_a16f15618775fd03.html,,,,,
154,Data_Scientist_-_Remote_-_Indeed.com_d0e95560aa8c383f.html,,,,,
155,Data_Scientist_-_Remote_-_Indeed.com_d862d0b396a64c3b.html,,,,,
156,Data_Scientist_-_Remote_-_Indeed.com_f0f46c2a6033d6f9.html,,,,,
157,Data_Scientist_-_Remote_-_Indeed.com_fe2d21eef233e94a.html,,,,,
158,Data_Scientist_-_Remote_-_Remote_-_Indeed.com_519cd80cc4a237e4.html,,,,,
159,Data_Scientist_-_Remote_177ce0c86a9fdc91.html,,,,,
160,Data_Scientist_-_Remote_6260d1ab4cfad36c.html,,,,,
161,"Data_Scientist_-_San_Francisco,_CA_94104_-_Indeed.com_0555014e7bce64c3.html",,,,,
162,"Data_Scientist_-_San_Francisco_Bay_Area,_CA_-_Indeed.com_3a7ad5d4b8526b01.html",,,,,
163,"Data_Scientist_-_Seattle,_WA_-_Indeed.com_35d653c09c2712b6.html",,,,,
164,"Data_Scientist_-_Shelton,_CT_06477_-_Indeed.com_570c945d39339fb0.html",,,,,
165,Data_Scientist_-_Statistical_Modeling_Data_Scientist_-_Statistical_Modeling_93ac6a890045fed2.html.html,,,,,
166,Data_Scientist_-_Tennessee_-_Indeed.com_11caadcdc98800d4.html,,,,,
167,Data_Scientist_-_Tennessee_-_Indeed.com_23d6871fe7ee97ab.html,,,,,
168,Data_Scientist_-_Texas_-_Indeed.com_7f3af35993e7f09f.html,,,,,
169,"Data_Scientist_-_Torrance,_CA_90502_-_Indeed.com_04d8111a1968ef28.html",,,,,
170,Data_Scientist_-_United_States_-_Indeed.com_1926fbf6be4f62ee.html,,,,,
171,Data_Scientist_-_United_States_-_Indeed.com_2395dfa3326e983c.html,,,,,
172,Data_Scientist_-_United_States_-_Indeed.com_75a3a5a15b202084.html,,,,,
173,"Data_Scientist_-_Washington,_DC_-_Indeed.com_a9bcf9da7de2f94a.html",,,,,
174,"Data_Scientist_-_Washington,_DC_-_Indeed.com_ed2347c09522ed5a.html",,,,,
175,Data_Scientist_00ba1a22ba67ffd2.html,,,,,
176,Data_Scientist_2c882a7cc4be1655.html,,,,,
177,Data_Scientist_690af6480b6c96e4.html,,,,,
178,"Data_Scientist_7_(NLP,_AML,_DL)_-_telecommute_-_Minneapolis,_MN_-_Indeed.com_ae5bfc395c530fbc.html",,,,,
179,Data_Scientist_9482214eac2fda3c.html,,,,,
180,"Data_Scientist_Advanced_Analytics_-_Chicago,_IL_-_Indeed.com_be673821c44914d0.html",,,,,
181,"Data_Scientist_Applied_Mathematician_R-30_-_Edwards_AFB,_CA_-_Indeed.com_ad86a2498e119b8d.html",,,,,
182,"Data_Scientist_Architect_(Austin,_TX)_(Remote_Eligible)_-_Texas_-_Indeed.com_4049a78a6232aa5c.html",,,,,
183,"Data_Scientist_Consultant_(remote)_-_Boston,_MA_02108_-_Indeed.com_c40fae22b6a11e7d.html",,,,,
184,"Data_Scientist_Consultant_(remote)_-_Minneapolis,_MN_-_Indeed.com_c40fae22b6a11e7d.html",,,,,
185,Data_Scientist_Data_Scientist_1260f89ca0cbf7d8.html.html,,,,,
186,Data_Scientist_Data_Scientist_534b6d43c551959c.html.html,,,,,
187,Data_Scientist_Data_Scientist_c15b6933d9326ed4.html.html,,,,,
188,Data_Scientist_Data_Scientist_d4eeddc53801a0ce.html.html,,,,,
189,Data_Scientist_Data_Scientist_ecea286461fee2bc.html.html,,,,,
190,Data_Scientist_Data_Scientist_f2cac3400f29b129.html.html,,,,,
191,"Data_Scientist_II,_Economic_Data_-_Remote_Position_Data_Scientist_II,_Economic_Data_-_Remote_Position_a3569c3f5c6cffdc.html.html",,,,,
192,"Data_Scientist_III,_Business_Analytics_-_California_-_Indeed.com_88f5d9a70576ec2a.html",,,,,
193,Data_Scientist_I_-_Generalist_4db73ec6324709a1.html,,,,,
194,Data_Scientist_Intern_-_Massachusetts_-_Indeed.com_58fef0e5bbfde084.html,,,,,
195,Data_Scientist_Job_-_Remote_-_Indeed.com_bb3ccd53c0e530f1.html,,,,,
196,"Data_Scientist_Machine_Learning_Engineer_(Remote_-_WFH)_-_Redwood_City,_CA_94065_-_Indeed.com_49edf7ec660670a1.html",,,,,
197,Data_Scientist_Master_-_Remote_-_United_States_-_Indeed.com_e9c03ea5ebfe14ae.html,,,,,
198,Data_Scientist_Product_Analyst_-_California_-_Indeed.com_a2db557e51b543c4.html,,,,,
199,"Data_Scientist_Senior_Healthcare_Economics_Consultant_-_Clinical_Data_-_Telecommute_-_Cypress,_CA_90630_-_Indeed.com_d3d3520998346837.html",,,,,
200,Data_Scientist_USA_-_Marketing_Advertising_Optimization_-_Remote_-_Indeed.com_b908701c73f5428d.html,,,,,
201,Data_Scientist_ad868bc553e6bde5.html,,,,,
202,Data_Scientist_b9ad612f3139dfe3.html,,,,,
203,Data_Scientist_ca16b63c03e40c57.html,,,,,
204,"Data_Warehouse_and_Artificial_Intelligence_Engineer_-_Houston,_TX_77064_-_Indeed.com_2c4b4bbb6840a346.html",,,,,
205,"Data_and_Machine_Learning_Analyst_-_Denver,_CO_80222_-_Indeed.com_ee1f9440f276fc98.html",,,,,
206,"Decision_Science_Analyst_-_Broomfield_Colorado,_or_Work_from_Home._-_Broomfield,_CO_80021_-_Indeed.com_fa05afb3210273ab.html",,,,,
207,"Decision_Science_Analyst_I_-_Auto_Planning_and_Forecasting_(100%_Remote_Available)_-_Tampa,_FL_33619_-_Indeed.com_3a1edc2d763c4288.html",,,,,
208,"Deep_Learning_Algorithm_Scientist_-_Vida,_OR_-_Indeed.com_d6295e000df18db1.html",,,,,
209,Deep_Learning_Analytics_-_Advanced_Data_Scientist_Software_Engineer_-_Remote_-_Indeed.com_382dee2cfe0ba124.html,,,,,
210,Deep_Learning_Analytics_-_Data_Scientist_Software_Engineer_-_Remote_-_Indeed.com_382dee2cfe0ba124.html,,,,,
211,"Deep_learning_NLP_engineer_(remote)_-_San_Francisco,_CA_-_Indeed.com_f7cbfaf9ddc3fe8a.html",,,,,
212,"Director,_Data_Engineering_-_California_-_Indeed.com_288a529565129b93.html",,,,,
213,"Director_Level_-_Technical_Team_Lead_(R_programming)_for_Data_Science_(open_to_remote_workers)_-_New_York,_NY_10003_-_Indeed.com_3e34ac4ae73849ba.html",,,,,
214,Director_of_Analytics_and_Data_Science_-_Remote_-_Indeed.com_3f038bce81a3feb9.html,,,,,
215,Director_of_Data_Science_&_Analytics_-_Remote_-_Indeed.com_6374759aed463ee1.html,,,,,
216,Director_of_Data_Science_-_New_York_State_-_Indeed.com_b102625070cdb638.html,,,,,
217,Director_of_Data_Science_-_Washington_State_-_Indeed.com_4bdb48685f79c210.html,,,,,
218,"Director_of_Product_Management,_Artificial_Intelligence_(AI)_-_Boston,_MA_-_Indeed.com_1b9cc153aeba1024.html",,,,,
219,"EDW_Data_Engineer_(Enterprise_Data_&_Digital_Health)_-_Somerville,_MA_02145_-_Indeed.com_d21c98bda2722f98.html",,,,,
220,"Early_career_data_scientist_analyst_statistical_geneticist_-_Glen_Echo,_MD_-_Indeed.com_0ce02a3e84d031c6.html",,,,,
221,Elevation-Derived_Hydro_Data_Scientist_-_United_States_-_Indeed.com_5e3c8169ba2544a2.html,,,,,
222,"Engagement_Manager,_Decision_Science_-_California_-_Indeed.com_adad512f93b8b92e.html",,,,,
223,"Enterprise_Solution_Architect_-_Data_Engineering_Machine_Learning_AI_-_Raleigh,_NC_-_Indeed.com_c9735f4fce3dfc57.html",,,,,
224,"Exciting_Innovative_Video_Ecommerce_Startup_(remote_available)_Data_Scientist_w_ACR_Experience_$120-150K_-_Conshohocken,_PA_19428_-_Indeed.com_6466765b99b8cd6c.html",,,,,
225,Forward_Deployed_Data_Scientist_-_Remote_-_Indeed.com_89f15f8fbcb9d345.html,,,,,
226,"Genomic_Data_Scientist_-_Frederick,_MD_21703_-_Indeed.com_e50c6d9a8160b43e.html",,,,,
227,"Head,_Data_Science_-_Remote_-_Indeed.com_272392c6f610e81e.html",,,,,
228,Head_of_Data_Science_and_Analytics_-_California_-_Indeed.com_a3387de3a47fc0b2.html,,,,,
229,"Health_Science_Officer_-_Oncology_Data_Program_Manager_-_Seattle,_WA_-_Indeed.com_eb24c57e72a85c13.html",,,,,
230,Healthcare_Data_Scientist_-_Remote_-_Indeed.com_4b6e561ca18082f6.html,,,,,
231,Information_and_Data_Architect_-_Virginia_-_Indeed.com_4c44bc932b7f7add.html,,,,,
232,"Interdisciplinary_Computer_Scientist_Computer_Engineer_(Data_Scientist)_-_Herndon,_VA_-_Indeed.com_ca509b164585637a.html",,,,,
233,"Internship_-_Statistical_Programming_Intern_(Summer_Session,_Washington,_D.C.)_-_Washington,_DC_-_Indeed.com_d7c744248a9e6859.html",,,,,
234,"Jr._Machine_Learning_Engineer_-_Columbia,_MD_21046_-_Indeed.com_9e41ace543ea93fc.html",,,,,
235,"Jr_Data_Science_Developer_-_North_Charleston,_SC_29406_-_Indeed.com_c8b6d4e0c1929028.html",,,,,
236,"Junior_Data_Scientist_-_San_Francisco,_CA_-_Indeed.com_06206ab329e0eb22.html",,,,,
237,"Junior_Data_Scientist_Data_Science_Development_Program_-_Amherst,_MA_01002_-_Indeed.com_430cffbf1c607717.html",,,,,
238,"Junior_Survey_Statistician_-_Rockville,_MD_20850_-_Indeed.com_cc35f9c14f8799a9.html",,,,,
239,"Lead_Data_Scientist_-_Analytics_-_San_Francisco,_CA_-_Indeed.com_2166988d55803caf.html",,,,,
240,"Lead_Data_Scientist_-_New_York,_NY_10001_-_Indeed.com_df4d25d87e00f676.html",,,,,
241,Lead_Data_Scientist_-_Remote_-_Indeed.com_327bd950d6d9d5cf.html,,,,,
242,"Lead_Data_Scientist_-_Remote_Virtual_in_US_-_Louisville,_KY_-_Indeed.com_5f1f0e6dcc6cbc83.html",,,,,
243,"Lead_Data_Scientist_-_San_Francisco,_CA_-_Indeed.com_2166988d55803caf.html",,,,,
244,Lead_Data_Scientist_195002e819128c62.html,,,,,
245,"Lead_Data_Scientist_Engineer_-_Aliso_Viejo,_CA_92656_-_Indeed.com_3bb22ff77b280014.html",,,,,
246,Lead_Data_Scientist_Machine_Learning_-_Remote_-_Indeed.com_5c0740ed94646b0c.html,,,,,
247,"Lead_Machine_Learning_Engineer,_FDA_-_Remote_-_Indeed.com_be07135e4f990f21.html",,,,,
248,Lead_Machine_Learning_Engineer_-_Remote_-_Indeed.com_6ce7e0d9f67a9961.html,,,,,
249,"Lead_Researcher,_Machine_Learning_-_Remote_-_Washington,_DC_20005_-_Indeed.com_ea25315ee9da22e5.html",,,,,
250,Machine_Learning_Data_Scientist_Machine_Learning_Data_Scientist_d4763f186ccb1145.html.html,,,,,
251,"Machine_Learning_Developer_-_Python_-_D3607_-_Philadelphia,_PA_19106_-_Indeed.com_bccc5c69672b82b8.html",,,,,
252,"Machine_Learning_Engineer_(Irving,_TX_or_Remote)_-_Irving,_TX_-_Indeed.com_3a71a4d2f7990a25.html",,,,,
253,Machine_Learning_Engineer_-_California_-_Indeed.com_2345e2002bd590b5.html,,,,,
254,Machine_Learning_Engineer_-_California_-_Indeed.com_7136762d065a5ad7.html,,,,,
255,"Machine_Learning_Engineer_-_Chattanooga,_TN_37421_-_Indeed.com_d921f5450b899369.html",,,,,
256,Machine_Learning_Engineer_-_Colorado_-_Indeed.com_999119912db34a04.html,,,,,
257,"Machine_Learning_Engineer_-_Mountain_View,_CA_94043_-_Indeed.com_82de948e0bcdf6f4.html",,,,,
258,"Machine_Learning_Engineer_-_Palo_Alto,_CA_94301_-_Indeed.com_f6b37922973392e2.html",,,,,
259,Machine_Learning_Engineer_-_Remote_-_Indeed.com_91d3775eb0fb0ed0.html,,,,,
260,"Machine_Learning_Engineer_-_Vienna,_VA_22180_-_Indeed.com_4ed6ffc68430216f.html",,,,,
261,Machine_Learning_Engineer_-_Wisconsin_-_Indeed.com_4eb946b850ff5481.html,,,,,
262,"Machine_Learning_Engineer_Developer_-_Novi,_MI_-_Indeed.com_2f23c5cdb9d07d34.html",,,,,
263,"Machine_Learning_Manager_-_Boston,_MA_-_Indeed.com_6498d5efff58e96b.html",,,,,
264,"Machine_Learning_Researcher_(Data_Scientist)_-_Remote_-_San_Francisco_Bay_Area,_CA_-_Indeed.com_dd09fe3b43125016.html",,,,,
265,Machine_Learning_Software_Engineer_-_Montana_-_Indeed.com_7d9967b40bdaa137.html,,,,,
266,Manager_of_Data_Science_-_Georgia_-_Indeed.com_88e1dcd0cd0bffc1.html,,,,,
267,"Manager_of_Statistical_Programming_-_Allendale,_MI_49401_-_Indeed.com_0e53f98b937a1859.html",,,,,
268,"Marketing_Data_Scientist_-_Ewing,_NJ_-_Indeed.com_d436af81be73111c.html",,,,,
269,"NATURAL_LANGUAGE_UNDERSTANDING_AND_MACHINE_LEARNING_INNOVATOR_-_Corvallis,_OR_97333_-_Indeed.com_40cc26022f682754.html",,,,,
270,NLP_-_MRP_Data_Scientist_bf99ab041b365e48.html,,,,,
271,NLP_Data_Scientist_544ed6cdaab8d764.html,,,,,
272,Operations_Data_Science_-_North_Carolina_-_Indeed.com_aa53b551f9df0210.html,,,,,
273,PYTHON_SOFTWARE_ENGINEER-DEEP_LEARNING_-_United_States_-_Indeed.com_f4d8d9827523c093.html,,,,,
274,Planning_Data_Scientist_-_United_States_-_Indeed.com_76bce720eab9a7b0.html,,,,,
275,"Principal_Clinical_Statistician,_Real_World_Data_Analytics_-_Remote_-_Indeed.com_f1d7dc1721e8ac0a.html",,,,,
276,Principal_Data_Analyst_-_California_-_Indeed.com_1503f9b2e8718009.html,,,,,
277,Principal_Data_Engineer_-_Remote_-_Indeed.com_94618973a6165d07.html,,,,,
278,"Principal_Data_Science_Analyst_-_Risk_Management_-_Rochester,_MN_55901_-_Indeed.com_26877094797beef3.html",,,,,
279,Principal_Data_Scientist_(Full-Time)_-_California_-_Indeed.com_ee1dc6ee52d6b443.html,,,,,
280,Principal_Data_Scientist_-_California_-_Indeed.com_2d0e1b12684d00d6.html,,,,,
281,"Principal_Data_Scientist_-_Digital_Applied_Innovation_-_Pittsburgh,_PA_-_Indeed.com_4f4e9de46f588f62.html",,,,,
282,Principal_Data_Scientist_-_Remote_-_Indeed.com_472278e6f0ade45c.html,,,,,
283,"Principal_Data_Scientist_-_Telecommute_-_Minnetonka,_MN_55345_-_Indeed.com_d3d3520998346837.html",,,,,
284,"Principal_Sr_Statistical_Programmer_(Home-Based)_-_IQVIA_Biotech_-_Columbus,_OH_-_Indeed.com_6b7a1dfe07e7f037.html",,,,,
285,"Principal_Statistical_Programmer_(Ref_KB)_-_Cincinnati,_OH_-_Indeed.com_6c4c1b43a0cb41ab.html",,,,,
286,"Principal_Statistical_Programmer_(Ref_RM)_-_San_Diego,_CA_-_Indeed.com_6c4c1b43a0cb41ab.html",,,,,
287,"Principal_Statistical_Programmer_Associate_Director_of_Programming_-_Cambridge,_MA_02139_-_Indeed.com_4029560ec46c5d46.html",,,,,
288,"Product_Manager,_Data_Science_-_Remote_-_Indeed.com_2b2d6f212948082d.html",,,,,
289,"Product_Manager,_Machine_Learning_(Remote)_-_Remote_-_Indeed.com_85021dfa4578f124.html",,,,,
290,"Project_Data_Science_and_Machine_Learning_Engineer_2021_-_Coopersburg,_PA_18036_-_Indeed.com_5981ee904389ffa0.html",,,,,
291,"Python_Data_Scientist_(_US_citizens_ONLY_)_-_Herndon,_VA_-_Indeed.com_a997989b3994c4f2.html",,,,,
292,"Python_and_AWS_Developer_-_Big_Data_-_Richmond,_VA_-_Indeed.com_2df6a1e69a70a1e7.html",,,,,
293,"Quality_Specialist_-_Artificial_Intelligence_-_Rochester,_MN_55901_-_Indeed.com_26877094797beef3.html",,,,,
294,"R&D_Chemical_Engineer_-_Process_Optimization_with_Machine_Learning_&_Modeling_-_Minneapolis,_MN_55426_-_Indeed.com_3e3835efd2807b63.html",,,,,
295,REMOTE_-_(Senior)_Genetic_Data_Scientist_-_Statistical_Geneticist_-_Massachusetts_-_Indeed.com_4dbdf637cf6c8aac.html,,,,,
296,REMOTE_Data_Scientist_eb71688408d695be.html,,,,,
297,RWE_Data_Scientist_w_SAS_programming_(USC_GCs)_-_Remote_-_Indeed.com_cefe7fec067b11e8.html,,,,,
298,Remote_Data_Scientist_1_Year_Contract_Position_b887b811e97262f9.html,,,,,
299,Remote_Senior_Data_Analyst_Remote_Senior_Data_Analyst_9e9be5ed9321f0ad.html.html,,,,,
300,Remote_Senior_Data_Scientist_-_Innovation_Labs_-_Remote_-_Indeed.com_94618973a6165d07.html,,,,,
301,"Research_Data_Analyst_Statistician_-_Washington,_DC_-_Indeed.com_aed1c2970bb86669.html",,,,,
302,"Research_Data_Scientist_-_Austin,_TX_73344_-_Indeed.com_d3d3520998346837.html",,,,,
303,"Research_Engineer_-_Multi-View_Machine_Learning_-_San_Francisco,_CA_-_Indeed.com_b3583366108da475.html",,,,,
304,"Research_Engineer_Data_Scientist_-_Dulles,_VA_20166_-_Indeed.com_2c1a2db4e678196f.html",,,,,
305,"Research_Scientist,_NLP_-_New_York_State_-_Indeed.com_181ae1a6390e21b5.html",,,,,
306,"Research_Statistician_-_San_Francisco,_CA_94121_-_Indeed.com_791c190f919839e8.html",,,,,
307,"Revenue_Data_Scientist_-_Atlanta,_GA_-_Indeed.com_7a1eff1fe8dbc847.html",,,,,
308,SENIOR_DATA_SCIENTIST_eff0172abd409732.html,,,,,
309,"Senior_AI_ML_NLP_Data_Scientist_-_Dallas,_TX_-_Indeed.com_640102364ce22fda.html",,,,,
310,"Senior_Actuarial_Data_Scientist_-_Newport_Beach,_CA_92660_-_Indeed.com_97bfb79867bd9b23.html",,,,,
311,"Senior_Analyst,_Machine_Learning_-_Remote_-_Indeed.com_f514a91d9384bcfb.html",,,,,
312,"Senior_Analytics_Data_Scientist,_Small_Business_Lending_95343e7d139428af.html",,,,,
313,"Senior_Applied_Data_Scientist_(Global_Health),_Government_-_Washington,_DC_-_Indeed.com_85806092f576a90e.html",,,,,
314,Senior_Applied_Data_Scientist_338092a26b5c339d.html,,,,,
315,"Senior_Applied_Scientist_-_New_York,_NY_-_Indeed.com_fe2d21eef233e94a.html",,,,,
316,Senior_Backend_Engineer_(Data_Science_Software_Engineering_Support)_-_Remote_-_Indeed.com_3e34ac4ae73849ba.html,,,,,
317,Senior_Backend_Engineer_-_Data_Platform_-_Massachusetts_-_Indeed.com_3944dc0afa53bf7b.html,,,,,
318,Senior_Business_Intelligence_&_Data_Analyst_-_California_-_Indeed.com_5cf4e54c5ef78aa7.html,,,,,
319,"Senior_Business_Intelligence_(BI)_Data_Scientist,_Small_Business_Lending_-_San_Francisco_Bay_Area,_CA_-_Indeed.com_fa0646bd45a4fdd4.html",,,,,
320,"Senior_Computer_Scientist_-_Machine_Learning_-_Waltham,_MA_-_Indeed.com_7455773bace145da.html",,,,,
321,"Senior_Data_Analyst,_Business_Analytics_-_California_-_Indeed.com_e9894dc5abe5ad17.html",,,,,
322,"Senior_Data_Analyst,_Business_Analytics_aaf0b4e2038011b8.html",,,,,
323,"Senior_Data_Analyst,_Dashboard_Development_(Temporary_Contract)_d8192a7990575c3e.html",,,,,
324,"Senior_Data_Analyst,_Healthcare_-_New_York_State_-_Indeed.com_e6182372e5353233.html",,,,,
325,"Senior_Data_Analyst,_Sales_Ops_-_Lehi,_UT_84043_-_Indeed.com_895bc294f5ae85e0.html",,,,,
326,Senior_Data_Analyst_(Early_Stage_Startup)_518e165b7f9f8073.html,,,,,
327,"Senior_Data_Analyst_(Full-time,_Remote;_U.S.)_-_Remote_-_Indeed.com_003ffe60e29940a5.html",,,,,
328,Senior_Data_Analyst_(Remote)-_Cloud_FinOps_-_California_-_Indeed.com_41e8f9abd9840a7a.html,,,,,
329,"Senior_Data_Analyst_(Telework_Available)_-_Alexandria,_VA_-_Indeed.com_fa7f8a6b8f8c51e9.html",,,,,
330,"Senior_Data_Analyst_(remote_option_available)_-_Bethesda,_MD_20814_-_Indeed.com_e2c4e2666be92628.html",,,,,
331,"Senior_Data_Analyst_-_Baltimore,_MD_21226_-_Indeed.com_14277aef9f550db4.html",,,,,
332,"Senior_Data_Analyst_-_Beltsville,_MD_20705_-_Indeed.com_2e2f013ae900ea5a.html",,,,,
333,Senior_Data_Analyst_-_California_-_Indeed.com_b7c4a7c4481a1846.html,,,,,
334,Senior_Data_Analyst_-_California_-_Indeed.com_cc9f04eed69b86b2.html,,,,,
335,"Senior_Data_Analyst_-_Firm_Services_(Remote_Opportunity)_-_Durham,_NC_27514_-_Indeed.com_121b5d7295ffdaa1.html",,,,,
336,Senior_Data_Analyst_-_Indiana_-_Indeed.com_25ed01f25d25a7bd.html,,,,,
337,"Senior_Data_Analyst_-_Madison,_WI_-_Indeed.com_2cbc31c960500ae6.html",,,,,
338,Senior_Data_Analyst_-_Maryland_-_Indeed.com_814d3a6cb63458d3.html,,,,,
339,Senior_Data_Analyst_-_Massachusetts_-_Indeed.com_0d8e9f59c97d9b3d.html,,,,,
340,"Senior_Data_Analyst_-_New_York,_NY_-_Indeed.com_11811b52a7138086.html",,,,,
341,Senior_Data_Analyst_-_New_York_State_-_Indeed.com_181ae1a6390e21b5.html,,,,,
342,Senior_Data_Analyst_-_New_York_State_-_Indeed.com_880e4714f2ad94a8.html,,,,,
343,"Senior_Data_Analyst_-_Orange,_CT_06477_-_Indeed.com_983e59b8190bb7cd.html",,,,,
344,Senior_Data_Analyst_-_Remote_-_Indeed.com_21e825c429eeb178.html,,,,,
345,Senior_Data_Analyst_-_Remote_-_Indeed.com_243e67c5c20f2a9c.html,,,,,
346,Senior_Data_Analyst_-_Remote_-_Indeed.com_66d394411dd2efad.html,,,,,
347,Senior_Data_Analyst_-_Remote_-_Indeed.com_8294a1f3b06f6661.html,,,,,
348,Senior_Data_Analyst_-_Remote_-_Indeed.com_a3b51ece17c02aae.html,,,,,
349,Senior_Data_Analyst_-_Remote_-_Indeed.com_d6984322bbeaf384.html,,,,,
350,Senior_Data_Analyst_-_Remote_-_Indeed.com_d8616e6a188441da.html,,,,,
351,Senior_Data_Analyst_-_RevOps_-_New_York_State_-_Indeed.com_f4284460fdbef1b4.html,,,,,
352,Senior_Data_Analyst_-_Risk_-_Massachusetts_-_Indeed.com_4ad12104a44e9eb6.html,,,,,
353,"Senior_Data_Analyst_-_San_Francisco,_CA_94107_-_Indeed.com_c594c442f5397e7b.html",,,,,
354,"Senior_Data_Analyst_-_Trenton,_NJ_-_Indeed.com_67b8b52ee9319b6b.html",,,,,
355,Senior_Data_Analyst_-_Virginia_-_Indeed.com_ebdab10e41fbc599.html,,,,,
356,Senior_Data_Analyst_-_Washington_State_-_Indeed.com_63f6e02a77f8263a.html,,,,,
357,"Senior_Data_Analyst_-_White_Plains,_NY_-_Indeed.com_589843b57617aca9.html",,,,,
358,Senior_Data_Analyst_93e0b7c46465feaf.html,,,,,
359,"Senior_Data_Analyst_Engineer_-_Seattle,_WA_98188_-_Indeed.com_263785202714b415.html",,,,,
360,Senior_Data_Analyst_Scientist-_Rider_Insights_-_Remote_-_Indeed.com_8e2e678241df1d58.html,,,,,
361,Senior_Data_Analyst_for_Product_-_Colorado_-_Indeed.com_9331c0290799b32e.html,,,,,
362,Senior_Data_Architect_-_Virginia_-_Indeed.com_4c44bc932b7f7add.html,,,,,
363,"Senior_Data_Engineer,_Growth,_Data_Science_and_Engineering_-_Los_Gatos,_CA_-_Indeed.com_66403b30a2c0d89c.html",,,,,
364,"Senior_Data_Engineer,_Machine_Learning_-_Remote_-_Indeed.com_c0cc749772eadee5.html",,,,,
365,"Senior_Data_Engineer,_Membership,_Data_Science_and_Engineering_-_Los_Gatos,_CA_-_Indeed.com_66403b30a2c0d89c.html",,,,,
366,Senior_Data_Science_-_United_States_-_Indeed.com_eb7bcec5d5284bf2.html,,,,,
367,"Senior_Data_Scientist,_Analytics_&_Inference_-_New_York_or_Remote_46359793923dea32.html",,,,,
368,"Senior_Data_Scientist,_Channels_Analytics_-_California_-_Indeed.com_e7c7bace894a9291.html",,,,,
369,"Senior_Data_Scientist,_Insights_&_Analytics_-_Colorado_-_Indeed.com_d709b135fa09fa4e.html",,,,,
370,"Senior_Data_Scientist,_Research_&_Innovation_-_United_States_-_Indeed.com_2aa521071b572e0a.html",,,,,
371,"Senior_Data_Scientist,_i18n_Modeling_6113b680de2b5906.html",,,,,
372,Senior_Data_Scientist_(Americas_-_Remote)_790206efe28bed7f.html,,,,,
373,Senior_Data_Scientist_(Contract)_-_Retail_260213f780608bb0.html,,,,,
374,Senior_Data_Scientist_(MS2266)_359cff2f4c58da6a.html,,,,,
375,"Senior_Data_Scientist_(NLP)_-_Washington,_DC_-_Indeed.com_8665f0a9b32f5386.html",,,,,
376,"Senior_Data_Scientist_(Palo_Alto,_CA_or_Remote_US)_-_Oregon_-_Indeed.com_6be3e0f67f423fd2.html",,,,,
377,Senior_Data_Scientist_(Remote)_5aab5632b64f49d2.html,,,,,
378,Senior_Data_Scientist_(Remote-friendly)_11245f91d4ae122b.html,,,,,
380,"Senior_Data_Scientist_(Remote_Option)_-_Boston,_MA_-_Indeed.com_5f1f0e6dcc6cbc83.html",,,,,
381,"Senior_Data_Scientist_(Washington,_D.C._or_U.S._Remote)_3939907293c244b1.html",,,,,
382,"Senior_Data_Scientist_-_Albuquerque,_NM_87106_-_Indeed.com_2f87a7abe4cc3c5b.html",,,,,
383,"Senior_Data_Scientist_-_Algorithms_-_San_Francisco,_CA_-_Indeed.com_2166988d55803caf.html",,,,,
384,"Senior_Data_Scientist_-_Austin,_TX_-_Indeed.com_547ddf8bc07ce2c9.html",,,,,
385,"Senior_Data_Scientist_-_Austin,_TX_78705_-_Indeed.com_339607bfa2090225.html",,,,,
386,"Senior_Data_Scientist_-_Boston,_MA_02116_-_Indeed.com_6f60eba281f8c7d0.html",,,,,
387,"Senior_Data_Scientist_-_Boston,_MA_02116_-_Indeed.com_d195c59c362462ba.html",,,,,
388,"Senior_Data_Scientist_-_Burlington,_VT_05401_-_Indeed.com_3f1ca348cd4a74d6.html",,,,,
389,Senior_Data_Scientist_-_California_-_Indeed.com_192cb1e14805b37a.html,,,,,
390,Senior_Data_Scientist_-_California_-_Indeed.com_2d391ae803500ab0.html,,,,,
391,Senior_Data_Scientist_-_California_-_Indeed.com_d497036541ef3a2f.html,,,,,
392,Senior_Data_Scientist_-_California_-_Indeed.com_f61b9c6e300e3c76.html,,,,,
393,"Senior_Data_Scientist_-_Chicago,_IL_60611_-_Indeed.com_2c3e769b6ad0178e.html",,,,,
394,"Senior_Data_Scientist_-_Louisville,_KY_-_Indeed.com_5f1f0e6dcc6cbc83.html",,,,,
395,"Senior_Data_Scientist_-_NLP_-_Santa_Monica,_CA_-_Indeed.com_f6158781e4517a07.html",,,,,
396,Senior_Data_Scientist_-_Nationwide_Opportunities_4de5512faed026fc.html,,,,,
397,"Senior_Data_Scientist_-_New_Haven,_CT_-_Indeed.com_cffd7ca8318bd5e2.html",,,,,
398,"Senior_Data_Scientist_-_New_York,_NY_-_Indeed.com_5a8eae58e6c3b7d7.html",,,,,
399,"Senior_Data_Scientist_-_New_York,_NY_10018_-_Indeed.com_cf5f0af7879d1065.html",,,,,
400,"Senior_Data_Scientist_-_Portland,_OR_-_Indeed.com_4384f66deb7fbe3e.html",,,,,
401,Senior_Data_Scientist_-_R&D_a18ebe13ac92bb8a.html,,,,,
402,Senior_Data_Scientist_-_Remote_-_Indeed.com_289710856a53cf28.html,,,,,
403,Senior_Data_Scientist_-_Remote_-_Indeed.com_5da39dba7be71417.html,,,,,
404,Senior_Data_Scientist_-_Remote_-_Indeed.com_a3a4e68b447ea169.html,,,,,
405,Senior_Data_Scientist_-_Remote_-_Indeed.com_e5719b46cb3432f4.html,,,,,
406,Senior_Data_Scientist_-_Remote_-_Indeed.com_f6433b0c3778a821.html,,,,,
407,Senior_Data_Scientist_-_Remote_-_U._S._b608d2a01d728940.html,,,,,
408,Senior_Data_Scientist_-_Remote_5f99050c00f898b7.html,,,,,
409,Senior_Data_Scientist_-_Remote_Opportunity_49a535b1a8029899.html,,,,,
410,Senior_Data_Scientist_-_Remote_Opportunity_a385944784529d01.html,,,,,
411,"Senior_Data_Scientist_-_Rockville,_MD_-_Indeed.com_f3b836e645f9b36d.html",,,,,
412,"Senior_Data_Scientist_-_San_Francisco,_CA_-_Indeed.com_0e0f873e6c84a5ec.html",,,,,
413,"Senior_Data_Scientist_-_San_Francisco,_CA_-_Indeed.com_2166988d55803caf.html",,,,,
414,"Senior_Data_Scientist_-_San_Francisco,_CA_-_Indeed.com_c0c25adf1bc2980b.html",,,,,
415,"Senior_Data_Scientist_-_San_Jose,_CA_-_Indeed.com_ef05ccafeb295638.html",,,,,
416,"Senior_Data_Scientist_-_Santa_Clara,_CA_-_Indeed.com_c267f29f0f85e8b8.html",,,,,
417,"Senior_Data_Scientist_-_Washington,_DC_20528_-_Indeed.com_feecca3c829d0704.html",,,,,
418,Senior_Data_Scientist_Senior_Data_Scientist_29574f6ea590061a.html.html,,,,,
419,Senior_Data_Scientist_[Remote]_-_United_States_-_Indeed.com_eda0d922dad148f7.html,,,,,
420,Senior_Data_Scientist_ab4a87d3562d0ee9.html,,,,,
421,Senior_Data_Scientist_c57ded0649391c68.html,,,,,
422,"Senior_Data_Scientist_with_Extensive_Industrial_Experience_-_Raleigh,_NC_-_Indeed.com_640102364ce22fda.html",,,,,
423,Senior_Data_Scientistâ€“Statistics_and_Machine_Learning_b7c10bcd03f70654.html,,,,,
424,"Senior_Data_and_Statistical_Programmer_-_Rockville,_MD_20850_-_Indeed.com_cc35f9c14f8799a9.html",,,,,
425,"Senior_Deep_Learning_Scientist_-_Miami_Lakes,_FL_33016_-_Indeed.com_96231747721a97a2.html",,,,,
426,Senior_Director_of_Data_Science_-_Applications_Development_-_Remote_-_Indeed.com_f534fdd10c69c2d2.html,,,,,
427,"Senior_Looker_Data_Analyst_(Remote,_USA,_Full-Time)_-_Remote_-_Indeed.com_ce80ea222edbbd45.html",,,,,
428,"Senior_Machine_Learning_Data_Scientist_-_Telecommute_-_Eden_Prairie,_MN_55346_-_Indeed.com_d3d3520998346837.html",,,,,
429,"Senior_Machine_Learning_Engineer_-_Washington,_DC_-_Indeed.com_ccacdb1cb7d4a077.html",,,,,
430,"Senior_Machine_Learning_Scientist,_AI_Foundation_-_San_Francisco,_CA_94105_-_Indeed.com_81cbac83fa5c2c0d.html",,,,,
431,"Senior_Natural_Language_Processing_Scientist_-_Arlington,_VA_-_Indeed.com_fc68da685e8aa986.html",,,,,
432,"Senior_Physiological_Data_Scientist_-_Amherst,_MA_01003_-_Indeed.com_a90c3116d8d36525.html",,,,,
433,"Senior_Principal_Statistical_Programmer_-_Oncology_(Ref_LM)_-_Washington,_DC_-_Indeed.com_6c4c1b43a0cb41ab.html",,,,,
434,"Senior_Principal_Statistical_Programmer_-_Oncology_(Ref_PY)_-_Columbus,_OH_-_Indeed.com_6c4c1b43a0cb41ab.html",,,,,
435,Senior_Product_Data_Analyst-_PIM_-_Remote_-_Indeed.com_7e07b95216e0c7b8.html,,,,,
436,"Senior_Researcher_(Economist_Data_Scientist)_-_Chicago,_IL_60637_-_Indeed.com_919e17bfca25374c.html",,,,,
437,"Senior_Security_Machine_Learning_Engineer_-_Los_Gatos,_CA_-_Indeed.com_66403b30a2c0d89c.html",,,,,
438,"Senior_Software_Engineer,_Machine_Learning_-_Remote_-_Indeed.com_9ea5fb7f7898ea36.html",,,,,
439,Senior_Staff_Data_Science_Engineer_-_California_-_Indeed.com_01e82c4dfc0c7f83.html,,,,,
440,"Senior_Statistical_Programmer_(Ref_RM)_-_Houston,_TX_-_Indeed.com_6c4c1b43a0cb41ab.html",,,,,
441,"Senior_Statistical_Programmer_(Remote)_-_Princeton,_NJ_08540_-_Indeed.com_8c8fa600b6a5fdd5.html",,,,,
442,"Senior_Statistical_Programmer_-_Allendale,_MI_49401_-_Indeed.com_0e53f98b937a1859.html",,,,,
443,"Senior_Statistical_Programmer_-_Princeton,_NJ_08540_-_Indeed.com_8c8fa600b6a5fdd5.html",,,,,
444,Senior_Statistical_Programmer_-_Remote_-_Indeed.com_1e6947d3b06fc9b6.html,,,,,
445,"Senior_Statistical_Programmer_Analyst_-_Remote_-_Fort_Washington,_PA_-_Indeed.com_a5c6d0c70967ab14.html",,,,,
446,"Senior_Statistical_Programmer_I_&_II_-_Clinical_Trial_Services_-_New_York,_NY_-_Indeed.com_ee36318f492b3846.html",,,,,
447,Senior_Statistician_-_Remote_-_Indeed.com_27dccbc072f6572c.html,,,,,
448,"Senior_Statistician_-_Richardson,_TX_75080_-_Indeed.com_e6c65f9a068ecae2.html",,,,,
449,Software_Developer_-_AI_&_ML_(Remote_US_UK)_-_Remote_-_Indeed.com_bae0514ffbd778df.html,,,,,
450,"Software_Engineer,_Machine_Learning_-_Remote_-_Indeed.com_c908408e676247d6.html",,,,,
451,"Software_Engineer,_Machine_Learning_-_Washington_State_-_Indeed.com_292ac9c0130b47e0.html",,,,,
452,Software_Engineer_(AI_Gameplay)_-_Remote_-_Indeed.com_933816404298ef1f.html,,,,,
453,"Software_Engineer_-_Deep_Learning,_Tensorflow_-_Lehi,_UT_-_Indeed.com_263f35f9e60c2ac1.html",,,,,
454,Software_Engineer_-_Machine_Learning_-_Remote_-_Indeed.com_f6b4585215cfe949.html,,,,,
455,Software_Engineer_-_Natural_Language_Processing_(Remote)_-_Remote_-_Indeed.com_9fde6321fbbb35a6.html,,,,,
456,Sports_Betting_Data_Scientist_-_Remote_-_Indeed.com_318282eb2544e24d.html,,,,,
457,"Sr.Data_Scientist-Sagemaker,AWS,Python,Cloud,SQL,Agile_-_Peoria,_IL_-_Indeed.com_cec1996c9bfed425.html",,,,,
458,"Sr._AI_Data_Science_Engineer_-_Minneapolis,_MN_-_Indeed.com_f06a4d05bf5510ec.html",,,,,
459,"Sr._Business_Analyst_Data_Scientist_-_Denver,_CO_80237_-_Indeed.com_44b885b8b2634306.html",,,,,
460,Sr._Business_Data_Analyst_-_Inventory_Reporting_-_Remote_-_Indeed.com_04c0874d52fb093c.html,,,,,
461,"Sr._Consultant,_Data_Science_(Computational_Telematics)_-_Remote_-_Indeed.com_312920717c3edd0d.html",,,,,
462,Sr._Consultant_-_Data_AI_-_Remote_-_Indeed.com_de317b6e01ddc34c.html,,,,,
463,"Sr._Data_Analyst-_SQL,_Tableau,_&_Python_-_Remote_-_Virginia_-_Indeed.com_c5e9ca229bc7384c.html",,,,,
464,"Sr._Data_Analyst_-_Burbank,_CA_-_Indeed.com_812181d62f706dcc.html",,,,,
465,"Sr._Data_Analyst_-_Fountain_Valley,_CA_92708_-_Indeed.com_443672b91fff9c49.html",,,,,
466,"Sr._Data_Analyst_-_Horsham,_PA_19044_-_Indeed.com_213ce9433049bb98.html",,,,,
467,"Sr._Data_Analyst_-_Redmond,_WA_-_Indeed.com_a3bcc3a125bee804.html",,,,,
468,"Sr._Data_Analyst_-_Servicing_Transfers_(Troy,_MI_or_Remote)_-_Troy,_MI_-_Indeed.com_6bb2d1e9f5d79675.html",,,,,
469,"Sr._Data_Engineer_(AWS,_Python,_Airflow_&_R),_Data_Science_Products_(open_to_remote)_-_New_York,_NY_10003_-_Indeed.com_3e34ac4ae73849ba.html",,,,,
470,Sr._Data_Science_Engineer_-_Virginia_-_Indeed.com_34f58c54198160eb.html,,,,,
471,Sr._Data_Scientist-Biostatistician_73c97a2f6fbff1c0.html,,,,,
472,"Sr._Data_Scientist-_Machine_Learning_AI_REMOTE_-_San_Diego,_CA_-_Indeed.com_f33adcecbae03a00.html",,,,,
473,Sr._Data_Scientist_-_Analytical_Measurement_Sr._Data_Scientist_-_Analytical_Measurement_a4d98f5394b4667a.html.html,,,,,
474,"Sr._Data_Scientist_-_Chicago,_IL_60661_-_Indeed.com_c6f867b4166b93af.html",,,,,
475,"Sr._Data_Scientist_-_New_York,_NY_-_Indeed.com_9cb95ef424f80e15.html",,,,,
476,"Sr._Data_Scientist_-_Pittsburgh,_PA_-_Indeed.com_30ec95f249fece83.html",,,,,
477,Sr._Data_Scientist_-_Remote_-_Indeed.com_774873f52108cd55.html,,,,,
478,Sr._Data_Scientist_-_Remote_-_Indeed.com_cba01270e96bb012.html,,,,,
479,"Sr._Data_Scientist_-_San_Francisco,_CA_-_Indeed.com_ce01fca63a8cc63d.html",,,,,
480,"Sr._Data_Scientist_-_San_Francisco,_CA_94108_-_Indeed.com_6a918ba2c69a0390.html",,,,,
481,"Sr._Data_Scientist_-_Windsor_Mill,_MD_21244_-_Indeed.com_bd5fb36526f1ba5f.html",,,,,
482,"Sr._Data_Scientist_Machine_Learning_Engineer_-_New_York,_NY_10001_-_Indeed.com_ca02039775c6d54e.html",,,,,
483,"Sr._Data_Scientist_Machine_Learning_Engineer_-_Pleasanton,_CA_94566_-_Indeed.com_34112e2160cc38cc.html",,,,,
484,Sr._Data_Scientist_Sr._Data_Scientist_ec4a8503b72a58cc.html.html,,,,,
485,Sr._Data_Scientist_ed6a921f486e2019.html,,,,,
486,Sr._Data_Scientist_efa5ad2d82bd1fcd.html,,,,,
487,"Sr._IT_Data_Analyst_-_Fountain_Valley,_CA_92708_-_Indeed.com_d5bbff633f1d71a4.html",,,,,
488,"Sr._Machine_Learning_Engineer_-_Marlborough,_MA_01752_-_Indeed.com_81caae9329da5a9d.html",,,,,
489,"Sr._Scientist_Engineer,_Machine_Learning_-_Massachusetts_-_Indeed.com_22489c4990c80a96.html",,,,,
490,"Sr_Data_Analyst_(REMOTE)_-_Scottsdale,_AZ_85258_-_Indeed.com_2ab599267edfe6e2.html",,,,,
491,Sr_Data_Analyst_-_Oregon_-_Indeed.com_22f7ba07f9b31a96.html,,,,,
492,"Sr_Data_Analyst_with_Customer_Data_Services_-_New_York,_NY_-_Indeed.com_0540b5b387d37378.html",,,,,
493,"Sr_Data_Scientist_(remote)_-_Minneapolis,_MN_-_Indeed.com_c40fae22b6a11e7d.html",,,,,
494,"Sr_Data_Scientist_(remote)_-_Minneapolis,_MN_55415_-_Indeed.com_c40fae22b6a11e7d.html",,,,,
495,Sr_Data_Scientist_-_California_-_Indeed.com_23b428f9a3eaf2e1.html,,,,,
496,"Sr_Data_Scientist_-_Los_Angeles,_CA_90025_-_Indeed.com_07c3e0956fe7fc26.html",,,,,
497,Sr_Data_Scientist_889e0a4e5b4ea775.html,,,,,
498,"Sr_Digital_Analytics_Data_Scientist_-_Hartford,_CT_-_Indeed.com_25d3835187829237.html",,,,,
499,"Sr_Informatics_Consultant_Lead_Sr._Data_Analyst_-_Hartford,_CT_-_Indeed.com_be3b11aa573faee7.html",,,,,
500,Staff_Data_Scientist_(Americas-_Remote)_38b6123878cf0fb5.html,,,,,
501,Staff_Data_Scientist_-_California_-_Indeed.com_bfe246c1b9fb02f3.html,,,,,
502,"Staff_Data_Scientist_for_Risk_Based_Authentication_(San_Francisco,_CA)_(Remote_Eligible)_-_California_-_Indeed.com_4049a78a6232aa5c.html",,,,,
503,"Staff_SW_Engineer,_Data_Science_(_Python,_AWS_)_-_REMOTE_USA_-_Florida_City,_FL_-_Indeed.com_5ed3d6e8b04e853e.html",,,,,
504,"Staff_Scientist_(machine_learning_and_statistical_genetics),_Knowles_Lab_-_New_York,_NY_10013_-_Indeed.com_971a3b2d67fd9d8d.html",,,,,
505,Staff_Software_Engineer_-_Data_Intelligence_-_Washington_State_-_Indeed.com_3944dc0afa53bf7b.html,,,,,
506,"Staff_Software_Engineer_-_Data_Platform_(Remote)_-_Washington,_DC_-_Indeed.com_3944dc0afa53bf7b.html",,,,,
507,Staff_Software_Engineer_-_Machine_Learning_-_Georgia_-_Indeed.com_bf5bb97b6f41b86d.html,,,,,
508,"Statistical_Analyst_-_Dallas,_TX_75219_-_Indeed.com_fb509292145a023d.html",,,,,
509,"Statistical_Programmer_-_Durham,_NC_27701_-_Indeed.com_33e460eafb0f4405.html",,,,,
510,"Statistical_Programmer_II_-_Allendale,_MI_49401_-_Indeed.com_0e53f98b937a1859.html",,,,,
511,"Statistical_Programmer_I_-_Cary,_NC_27513_-_Indeed.com_9cd9be7ea9d78b7c.html",,,,,
512,"Statistical_Programmer_I_II_Senior_-_Clinical_Trial_Services_-_Boston,_MA_-_Indeed.com_ee36318f492b3846.html",,,,,
513,"Statistician,_Data_Science_and_Analytics_(remote)_-_San_Diego,_CA_-_Indeed.com_f33adcecbae03a00.html",,,,,
514,"Statistician,_Technical_Manufacturing_-_Syracuse,_NY_-_Indeed.com_7942658690eba67c.html",,,,,
515,"Statistician_(Data_Scientist)_12_month_Roster_Direct_Hire_-_Birmingham,_AL_-_Indeed.com_77d686781c96824e.html",,,,,
516,Statistician_(Data_Scientist)_12_month_Roster_Direct_Hire__ff6d88fe8a9a7879.html,,,,,
517,"Statistician_-_Anchorage,_AK_99501_-_Indeed.com_672f70463e8dc57c.html",,,,,
518,"Statistician_-_Chicago,_IL_-_Indeed.com_06c2388fc3e54c23.html",,,,,
519,"Statistician_-_Morrisville,_NC_27560_-_Indeed.com_eefeea7fe9070465.html",,,,,
520,Statistician_97e2715de29fdf4d.html,,,,,
521,"Statistician_Data_Analyst_-_San_Francisco,_CA_94143_-_Indeed.com_2a341562d64c7cdb.html",,,,,
522,"Survey_Statistician,_GS-1530-13,_Census-DE-SAB_-_Suitland,_MD_-_Indeed.com_066a6183ab9ba375.html",,,,,
523,"Survey_Statistician,_GS-1530-13,_Census-MP-SAB_-_Suitland,_MD_-_Indeed.com_066a6183ab9ba375.html",,,,,
524,"Survey_Statistician_-_Atlanta,_GA_30329_-_Indeed.com_649d74317282c1bb.html",,,,,
525,"Systems_Safety_Mathematician_III_-_Newport,_RI_02840_-_Indeed.com_ac38a400acc8fe73.html",,,,,
526,"Technical_Product_Manager_(Machine_Learning)_-_Bengaluru,_Karnataka_-_Indeed.com_731e09e0714c82af.html",,,,,
527,"Technical_Sourcer_-_Data_Science_&_Engineering_-_San_Mateo,_CA_-_Indeed.com_04ef150429d33336.html",,,,,
528,"Urgent_Hiring_-_Data_Scientist_-_Spartanburg,_SC_29307_-_Indeed.com_4d47293ec5364fb5.html",,,,,
529,"VP,_Surveillance_Design_and_Implementation_-_Data_Scientist_(Remote_or_Telecommuter_options_available)_-_North_Carolina_-_Indeed.com_5bcd1ef0a7f4fb99.html",,,,,
530,VP_Head_of_Machine_Learning_&_Data_-_Remote_-_Indeed.com_e76096926e6cd257.html,,,,,
531,data_scientist_(us)_-_Remote_-_Indeed.com_ec5f1a5ee6076f1f.html,,,,,
